Model,Mean Reward,Time
DDQN,1777,175
Plexe,1614.141006,194.0888889
CoOP,1679.200095,187.6222222
