mean_reward,std_reward,crash_count,mean_sim_time,Model_types,Hdv_intervals,Lane_counts
1668.177543,0,0,190,SmartPL,3,2
1672.588579,1.164805634,0,189.5,CoOP,3,2
1569.420448,0,0,190,Plexe,3,2
1806.806399,0.001606967,0,174,SmartPL,3,3
-23.15941489,0,1,,CoOP,3,3
1429.160537,257.3412947,0.5,179,Plexe,3,3
1762.772638,0,0,178,SmartPL,3,4
1689.899739,12.94848316,0,187,CoOP,3,4
1578.432425,2.950793105,0,189,Plexe,3,4
