mean_reward,std_reward,crash_count,mean_sim_time,Model_types,Hdv_intervals,Lane_counts
1656.170448,0.05,0,190,SmartPL,2,2
1672.588579,1.164805634,0,189.5,CoOP,2,2
1569.121268,0.299179741,0,190,Plexe,2,2
1762.251832,0.05,0,179,SmartPL,2,3
1761.349267,0,0,178,CoOP,2,3
1563.158766,0,0,191,Plexe,2,3
1708.405286,11.77265867,0,184,SmartPL,2,4
1702.602942,25.65168542,0,185,CoOP,2,4
1581.405956,0,0,189,Plexe,2,4
