Reward,Step
-318.2112128762203,3000
-649.4957232862829,6000
-1317.6062765185754,9000
-903.3950169883825,12000
