mean_reward,std_reward,crash_count,mean_sim_time,Model_types,Hdv_intervals,Lane_counts
1591.841534,0,0,198,SmartPL,4,2
1672.588579,1.164805634,0,189.5,CoOP,4,2
1568.822088,0,0,190,Plexe,4,2
1811.998642,0,0,170,SmartPL,4,3
-23.15941489,0,1,,CoOP,4,3
1624.830299,61.67153306,0,185,Plexe,4,3
1729.404382,138.0432913,0,180.5,SmartPL,4,4
1710.012056,7.163833293,0,184.5,CoOP,4,4
1581.383218,0,0,189,Plexe,4,4
