mean_reward,std_reward,crash_count,mean_sim_time,Extractors,Hdv_intervals,Lane_counts
1696.3830790181942,52.1086017241013,0.0,185.86666666666667,Graph,2,2
1621.8354444269355,61.4255563908655,0.0,193.73333333333332,Kinematic,2,2
1686.026182731692,44.54507040647386,0.0,187.13333333333333,OccupancyGrid,2,2
1754.6567123189845,32.373405392028765,0.0,179.06666666666666,Graph,2,3
1701.7018310397812,76.80256917416888,0.0,184.8,Kinematic,2,3
1772.9499443867833,51.26988563164276,0.0,177.06666666666666,OccupancyGrid,2,3
1792.0291998679315,57.815416132883875,0.0,175.33333333333334,Graph,2,4
1780.6052092430632,56.70311627716583,0.0,175.0,Kinematic,2,4
1801.1874493556668,32.73823447616833,0.0,173.53333333333333,OccupancyGrid,2,4
